{
"id":"PIDConL_FB",
"type":"OsInterface_POT",
"props": {
"typeId": ""
 },
"members":[
{
"id": 2,
"edcId": "",
"name": "AlarmState",
"dotNetDataType": "System.String[]",
"hmiVisible":" false",
"props": {
 "address":"",
"signalName":"",
"defaultValue": [
"0",
"0",
"0",
"0",
"",
"",
"0",
"0",
"0",
"0",
"",
"0",
"0",
"0",
"0",
"",
"0",
"0",
"0",
"0",
"",
"0",
"0",
"0",
"0",
"",
"0",
"0",
"0",
"0",
""
],
"loggingEnabled": false
}
},

  {
    "id": 3,
    "edcId": 3,
    "name": "Gain",
    "dotNetDataType": "System.Double",
    "hmiVisible": true,
    "signalStatus": true,
    "props": {
      "address": "",
      "defaultValue": " 1.0",
      "loggingEnabled": false
    }
  },
  {
    "id": 4,
    "edcId": 4,
    "name": "TI",
    "dotNetDataType": "System.Double",
    "hmiVisible": true,
    "signalStatus": true,
    "props": {
      "address": "",
      "defaultValue": " 100.0",
      "loggingEnabled": false
    }
  },
  {
    "id": 5,
    "edcId": 5,
    "name": "TD",
    "dotNetDataType": "System.Double",
    "hmiVisible": true,
    "signalStatus": true,
    "props": {
      "address": "",
      "defaultValue": "0.0",
      "loggingEnabled": false
    }
  },
  {
    "id": 6,
    "edcId": 6,
    "name": "DiffGain",
    "dotNetDataType": "System.Double",
    "hmiVisible": false,
    "signalStatus": true,
    "props": {
      "address": "",
      "defaultValue": " 5.0",
      "loggingEnabled": false
    }
  },
  {
    "id": 7,
    "edcId": 7,
    "name": "DiffToFbk",
    "dotNetDataType": "System.Boolean",
    "hmiVisible": false,
    "signalStatus": false,
    "props": {
      "address": "",
      "defaultValue": " false",
      "loggingEnabled": false
    }
  },
  {
    "id": 8,
    "edcId": 8,
    "name": "PropFacSP",
    "dotNetDataType": "System.Double",
    "hmiVisible": false,
    "signalStatus": false,
    "props": {
      "address": "",
      "defaultValue": " 1.0",
      "loggingEnabled": false
    }
  },
  {
    "id": 9,
    "edcId": 9,
    "name": "DeadBand",
    "dotNetDataType": "System.Double",
    "hmiVisible": false,
    "signalStatus": false,
    "props": {
      "address": "",
      "defaultValue": " 0.0",
      "loggingEnabled": false
    }
  },
  {
    "id": 10,
    "edcId": 10,
    "name": "ConZone",
    "dotNetDataType": "System.Double",
    "hmiVisible": false,
    "signalStatus": false,
    "props": {
      "address": "",
      "defaultValue": " 0.0",
      "loggingEnabled": false
    }
  },
  {
    "id": 11,
    "edcId": 11,
    "name": "SP_ExtOp",
    "dotNetDataType": "System.Boolean",
    "hmiVisible": false,
    "signalStatus": false,
    "props": {
      "address": "",
      "defaultValue": " false",
      "loggingEnabled": false
    }
  },
  {
    "id": 12,
    "edcId": 12,
    "name": "SP_IntOp",
    "dotNetDataType": "System.Boolean",
    "hmiVisible": false,
    "signalStatus": false,
    "props": {
      "address": "",
      "defaultValue": " false",
      "loggingEnabled": false
    }
  },
  {
    "id": 13,
    "edcId": 13,
    "name": "SP_Int",
    "dotNetDataType": "System.Double",
    "hmiVisible": false,
    "signalStatus": false,
    "props": {
      "address": "",
      "defaultValue": " 0.0",
      "loggingEnabled": false
    }
  },
  {
    "id": 14,
    "edcId": 14,
    "name": "SP_InHiLim",
    "dotNetDataType": "System.Double",
    "hmiVisible": false,
    "signalStatus": false,
    "props": {
      "address": "",
      "defaultValue": " 100.0",
      "loggingEnabled": false
    }
  },
  {
    "id": 15,
    "edcId": 15,
    "name": "SP_InLoLim",
    "dotNetDataType": "System.Double",
    "hmiVisible": false,
    "signalStatus": false,
    "props": {
      "address": "",
      "defaultValue": " 0.0",
      "loggingEnabled": false
    }
  },
  {
    "id": 16,
    "edcId": 16,
    "name": "SP_ExHiLim",
    "dotNetDataType": "System.Double",
    "hmiVisible": true,
    "signalStatus": true,
    "props": {
      "address": "",
      "defaultValue": " 100.0",
      "loggingEnabled": false
    }
  },
  {
    "id": 17,
    "edcId": 17,
    "name": "SP_ExLoLim",
    "dotNetDataType": "System.Double",
    "hmiVisible": true,
    "signalStatus": true,
    "props": {
      "address": "",
      "defaultValue": "0.0",
      "loggingEnabled": false
    }
  },
  {
    "id": 18,
    "edcId": 18,
    "name": "SP_TrkPV",
    "dotNetDataType": "System.Boolean",
    "hmiVisible": false,
    "signalStatus": false,
    "props": {
      "address": "",
      "defaultValue": " false",
      "loggingEnabled": false
    }
  },
  {
    "id": 19,
    "edcId": 19,
    "name": "SP_TrkExt",
    "dotNetDataType": "System.Boolean",
    "hmiVisible": false,
    "signalStatus": false,
    "props": {
      "address": "",
      "defaultValue": " true",
      "loggingEnabled": false
    }
  },
  {
    "id": 20,
    "edcId": 20,
    "name": "SP_RateOn",
    "dotNetDataType": "System.Boolean",
    "hmiVisible": false,
    "signalStatus": false,
    "props": {
      "address": "",
      "defaultValue": " false",
      "loggingEnabled": false
    }
  },
  {
    "id": 21,
    "edcId": 21,
    "name": "SP_RmpOn",
    "dotNetDataType": "System.Boolean",
    "hmiVisible": false,
    "signalStatus": false,
    "props": {
      "address": "",
      "defaultValue": " false",
      "loggingEnabled": false
    }
  },
  {
    "id": 22,
    "edcId": 22,
    "name": "SP_RmpModTime",
    "dotNetDataType": "System.Boolean",
    "hmiVisible": false,
    "signalStatus": false,
    "props": {
      "address": "",
      "defaultValue": " false",
      "loggingEnabled": false
    }
  },
  {
    "id": 23,
    "edcId": 23,
    "name": "SP_UpRaLim",
    "dotNetDataType": "System.Double",
    "hmiVisible": false,
    "signalStatus": false,
    "props": {
      "address": "",
      "defaultValue": " 100.0",
      "loggingEnabled": false
    }
  },
  {
    "id": 24,
    "edcId": 24,
    "name": "SP_DnRaLim",
    "dotNetDataType": "System.Double",
    "hmiVisible": false,
    "signalStatus": false,
    "props": {
      "address": "",
      "defaultValue": " 100.0",
      "loggingEnabled": false
    }
  },
  {
    "id": 25,
    "edcId": 25,
    "name": "SP_RmpTime",
    "dotNetDataType": "System.Double",
    "hmiVisible": false,
    "signalStatus": false,
    "props": {
      "address": "",
      "defaultValue": " 0.0",
      "loggingEnabled": false
    }
  },
  {
    "id": 26,
    "edcId": 26,
    "name": "SP_RmpTarget",
    "dotNetDataType": "System.Double",
    "hmiVisible": false,
    "signalStatus": false,
    "props": {
      "address": "",
      "defaultValue": " 0.0",
      "loggingEnabled": false
    }
  },
  {
    "id": 27,
    "edcId": 27,
    "name": "PV",
    "dotNetDataType": "System.Double",
    "hmiVisible": true,
    "signalStatus": true,
    "props": {
      "address": "",
      "defaultValue": "0.0",
      "loggingEnabled": false
    }
  },
  {
    "id": 28,
    "edcId": 28,
    "name": "PV_AH_Lim",
    "dotNetDataType": "System.Double",
    "hmiVisible": false,
    "signalStatus": false,
    "props": {
      "address": "",
      "defaultValue": " 95.0",
      "loggingEnabled": false
    }
  },
  {
    "id": 29,
    "edcId": 29,
    "name": "PV_WH_Lim",
    "dotNetDataType": "System.Double",
    "hmiVisible": false,
    "signalStatus": false,
    "props": {
      "address": "",
      "defaultValue": " 90.0",
      "loggingEnabled": false
    }
  },
  {
    "id": 30,
    "edcId": 30,
    "name": "PV_TH_Lim",
    "dotNetDataType": "System.Double",
    "hmiVisible": false,
    "signalStatus": false,
    "props": {
      "address": "",
      "defaultValue": " 85.0",
      "loggingEnabled": false
    }
  },
  {
    "id": 31,
    "edcId": 31,
    "name": "PV_TL_Lim",
    "dotNetDataType": "System.Double",
    "hmiVisible": false,
    "signalStatus": false,
    "props": {
      "address": "",
      "defaultValue": " 15.0",
      "loggingEnabled": false
    }
  },
  {
    "id": 32,
    "edcId": 32,
    "name": "PV_WL_Lim",
    "dotNetDataType": "System.Double",
    "hmiVisible": false,
    "signalStatus": false,
    "props": {
      "address": "",
      "defaultValue": " 10.0",
      "loggingEnabled": false
    }
  },
  {
    "id": 33,
    "edcId": 33,
    "name": "PV_AL_Lim",
    "dotNetDataType": "System.Double",
    "hmiVisible": false,
    "signalStatus": false,
    "props": {
      "address": "",
      "defaultValue": " 5.0",
      "loggingEnabled": false
    }
  },
  {
    "id": 34,
    "edcId": 34,
    "name": "PV_Hyst",
    "dotNetDataType": "System.Double",
    "hmiVisible": false,
    "signalStatus": false,
    "props": {
      "address": "",
      "defaultValue": " 1.0",
      "loggingEnabled": false
    }
  },
  {
    "id": 35,
    "edcId": 35,
    "name": "PV_AH_MsgEn",
    "dotNetDataType": "System.Boolean",
    "hmiVisible": false,
    "signalStatus": false,
    "props": {
      "address": "",
      "defaultValue": " true",
      "loggingEnabled": false
    }
  },
  {
    "id": 36,
    "edcId": 36,
    "name": "PV_WH_MsgEn",
    "dotNetDataType": "System.Boolean",
    "hmiVisible": false,
    "signalStatus": false,
    "props": {
      "address": "",
      "defaultValue": " true",
      "loggingEnabled": false
    }
  },
  {
    "id": 37,
    "edcId": 37,
    "name": "PV_TH_MsgEn",
    "dotNetDataType": "System.Boolean",
    "hmiVisible": false,
    "signalStatus": false,
    "props": {
      "address": "",
      "defaultValue": " true",
      "loggingEnabled": false
    }
  },
  {
    "id": 38,
    "edcId": 38,
    "name": "PV_TL_MsgEn",
    "dotNetDataType": "System.Boolean",
    "hmiVisible": false,
    "signalStatus": false,
    "props": {
      "address": "",
      "defaultValue": " true",
      "loggingEnabled": false
    }
  },
  {
    "id": 39,
    "edcId": 39,
    "name": "PV_WL_MsgEn",
    "dotNetDataType": "System.Boolean",
    "hmiVisible": false,
    "signalStatus": false,
    "props": {
      "address": "",
      "defaultValue": " true",
      "loggingEnabled": false
    }
  },
  {
    "id": 40,
    "edcId": 40,
    "name": "PV_AL_MsgEn",
    "dotNetDataType": "System.Boolean",
    "hmiVisible": false,
    "signalStatus": false,
    "props": {
      "address": "",
      "defaultValue": " true",
      "loggingEnabled": false
    }
  },
  {
    "id": 41,
    "edcId": 41,
    "name": "ER_AH_Lim",
    "dotNetDataType": "System.Double",
    "hmiVisible": false,
    "signalStatus": false,
    "props": {
      "address": "",
      "defaultValue": " 100.0",
      "loggingEnabled": false
    }
  },
  {
    "id": 42,
    "edcId": 42,
    "name": "ER_AL_Lim",
    "dotNetDataType": "System.Double",
    "hmiVisible": false,
    "signalStatus": false,
    "props": {
      "address": "",
      "defaultValue": " -100.0",
      "loggingEnabled": false
    }
  },
  {
    "id": 43,
    "edcId": 43,
    "name": "ER_Hyst",
    "dotNetDataType": "System.Double",
    "hmiVisible": false,
    "signalStatus": false,
    "props": {
      "address": "",
      "defaultValue": " 1.0",
      "loggingEnabled": false
    }
  },
  {
    "id": 44,
    "edcId": 44,
    "name": "ER_AH_DFac",
    "dotNetDataType": "System.Double",
    "hmiVisible": false,
    "signalStatus": false,
    "props": {
      "address": "",
      "defaultValue": " 0.0",
      "loggingEnabled": false
    }
  },
  {
    "id": 45,
    "edcId": 45,
    "name": "ER_AL_DFac",
    "dotNetDataType": "System.Double",
    "hmiVisible": false,
    "signalStatus": false,
    "props": {
      "address": "",
      "defaultValue": " 0.0",
      "loggingEnabled": false
    }
  },
  {
    "id": 46,
    "edcId": 46,
    "name": "ER_AH_MsgEn",
    "dotNetDataType": "System.Boolean",
    "hmiVisible": false,
    "signalStatus": false,
    "props": {
      "address": "",
      "defaultValue": " true",
      "loggingEnabled": false
    }
  },
  {
    "id": 47,
    "edcId": 47,
    "name": "ER_AL_MsgEn",
    "dotNetDataType": "System.Boolean",
    "hmiVisible": false,
    "signalStatus": false,
    "props": {
      "address": "",
      "defaultValue": " true",
      "loggingEnabled": false
    }
  },
  {
    "id": 48,
    "edcId": 48,
    "name": "FFwd",
    "dotNetDataType": "System.Double",
    "hmiVisible": false,
    "signalStatus": true,
    "props": {
      "address": "",
      "defaultValue": "0.0",
      "loggingEnabled": false
    }
  },
  {
    "id": 49,
    "edcId": 49,
    "name": "MV_Trk",
    "dotNetDataType": "System.Double",
    "hmiVisible": true,
    "signalStatus": true,
    "props": {
      "address": "",
      "defaultValue": "0.0",
      "loggingEnabled": false
    }
  },
  {
    "id": 50,
    "edcId": 50,
    "name": "AutModOp",
    "dotNetDataType": "System.Boolean",
    "hmiVisible": false,
    "signalStatus": false,
    "props": {
      "address": "",
      "defaultValue": " false",
      "loggingEnabled": false
    }
  },
  {
    "id": 51,
    "edcId": 51,
    "name": "ManModOp",
    "dotNetDataType": "System.Boolean",
    "hmiVisible": false,
    "signalStatus": false,
    "props": {
      "address": "",
      "defaultValue": " true",
      "loggingEnabled": false
    }
  },
  {
    "id": 52,
    "edcId": 52,
    "name": "AdvCoOn",
    "dotNetDataType": "System.Boolean",
    "hmiVisible": false,
    "signalStatus": false,
    "props": {
      "address": "",
      "defaultValue": " false",
      "loggingEnabled": false
    }
  },
  {
    "id": 53,
    "edcId": 53,
    "name": "AdvCoMV",
    "dotNetDataType": "",
    "hmiVisible": false,
    "signalStatus": false,
    "props": {
      "address": "",
      "defaultValue": "",
      "loggingEnabled": false
    }
  },
  {
    "id": 54,
    "edcId": 54,
    "name": "OosOp",
    "dotNetDataType": "System.Boolean",
    "hmiVisible": false,
    "signalStatus": false,
    "props": {
      "address": "",
      "defaultValue": " false",
      "loggingEnabled": false
    }
  },
  {
    "id": 55,
    "edcId": 55,
    "name": "MS_RelOp",
    "dotNetDataType": "System.Boolean",
    "hmiVisible": false,
    "signalStatus": false,
    "props": {
      "address": "",
      "defaultValue": " false",
      "loggingEnabled": false
    }
  },
  {
    "id": 56,
    "edcId": 56,
    "name": "OptimEn",
    "dotNetDataType": "System.Boolean",
    "hmiVisible": false,
    "signalStatus": false,
    "props": {
      "address": "",
      "defaultValue": " false",
      "loggingEnabled": false
    }
  },
  {
    "id": 57,
    "edcId": 57,
    "name": "CPI_In",
    "dotNetDataType": "System.Double",
    "hmiVisible": false,
    "signalStatus": true,
    "props": {
      "address": "",
      "defaultValue": " 0.0",
      "loggingEnabled": false
    }
  },
  {
    "id": 58,
    "edcId": 58,
    "name": "Man",
    "dotNetDataType": "System.Double",
    "hmiVisible": false,
    "signalStatus": false,
    "props": {
      "address": "",
      "defaultValue": " 0.0",
      "loggingEnabled": false
    }
  },
  {
    "id": 59,
    "edcId": 59,
    "name": "ManHiLim",
    "dotNetDataType": "System.Double",
    "hmiVisible": false,
    "signalStatus": false,
    "props": {
      "address": "",
      "defaultValue": " 100.0",
      "loggingEnabled": false
    }
  },
  {
    "id": 60,
    "edcId": 60,
    "name": "ManLoLim",
    "dotNetDataType": "System.Double",
    "hmiVisible": false,
    "signalStatus": false,
    "props": {
      "address": "",
      "defaultValue": " 0.0",
      "loggingEnabled": false
    }
  },
  {
    "id": 61,
    "edcId": 61,
    "name": "BypProt",
    "dotNetDataType": "System.Boolean",
    "hmiVisible": false,
    "signalStatus": false,
    "props": {
      "address": "",
      "defaultValue": " FALSE",
      "loggingEnabled": false
    }
  },
  {
    "id": 62,
    "edcId": 62,
    "name": "Intlock",
    "dotNetDataType": "System.Boolean",
    "hmiVisible": true,
    "signalStatus": true,
    "props": {
      "address": "",
      "defaultValue": " true",
      "loggingEnabled": false
    }
  },
  {
    "id": 63,
    "edcId": 63,
    "name": "RbkWH_Lim",
    "dotNetDataType": "System.Double",
    "hmiVisible": false,
    "signalStatus": false,
    "props": {
      "address": "",
      "defaultValue": " 100.0",
      "loggingEnabled": false
    }
  },
  {
    "id": 64,
    "edcId": 64,
    "name": "RbkWL_Lim",
    "dotNetDataType": "System.Double",
    "hmiVisible": false,
    "signalStatus": false,
    "props": {
      "address": "",
      "defaultValue": " 0.0",
      "loggingEnabled": false
    }
  },
  {
    "id": 65,
    "edcId": 65,
    "name": "RbkHyst",
    "dotNetDataType": "System.Double",
    "hmiVisible": false,
    "signalStatus": false,
    "props": {
      "address": "",
      "defaultValue": " 1.0",
      "loggingEnabled": false
    }
  },
  {
    "id": 66,
    "edcId": 66,
    "name": "RbkWH_MsgEn",
    "dotNetDataType": "System.Boolean",
    "hmiVisible": false,
    "signalStatus": false,
    "props": {
      "address": "",
      "defaultValue": " true",
      "loggingEnabled": false
    }
  },
  {
    "id": 67,
    "edcId": 67,
    "name": "RbkWL_MsgEn",
    "dotNetDataType": "System.Boolean",
    "hmiVisible": false,
    "signalStatus": false,
    "props": {
      "address": "",
      "defaultValue": " true",
      "loggingEnabled": false
    }
  },
  {
    "id": 68,
    "edcId": 68,
    "name": "BypPVOp",
    "dotNetDataType": "System.Boolean",
    "hmiVisible": false,
    "signalStatus": false,
    "props": {
      "address": "",
      "defaultValue": " false",
      "loggingEnabled": false
    }
  },
  {
    "id": 69,
    "edcId": 69,
    "name": "RstBypOp",
    "dotNetDataType": "System.Boolean",
    "hmiVisible": false,
    "signalStatus": false,
    "props": {
      "address": "",
      "defaultValue": " false",
      "loggingEnabled": false
    }
  },
  {
    "id": 70,
    "edcId": 70,
    "name": "BypPV",
    "dotNetDataType": "System.Double",
    "hmiVisible": false,
    "signalStatus": true,
    "props": {
      "address": "",
      "defaultValue": "0.0",
      "loggingEnabled": false
    }
  },
  {
    "id": 71,
    "edcId": 71,
    "name": "SimOn",
    "dotNetDataType": "System.Boolean",
    "hmiVisible": false,
    "signalStatus": false,
    "props": {
      "address": "",
      "defaultValue": " FALSE",
      "loggingEnabled": false
    }
  },
  {
    "id": 72,
    "edcId": 72,
    "name": "SimPV",
    "dotNetDataType": "System.Double",
    "hmiVisible": false,
    "signalStatus": false,
    "props": {
      "address": "",
      "defaultValue": " 0.0",
      "loggingEnabled": false
    }
  },
  {
    "id": 73,
    "edcId": 73,
    "name": "SimRbk",
    "dotNetDataType": "System.Double",
    "hmiVisible": false,
    "signalStatus": false,
    "props": {
      "address": "",
      "defaultValue": " 0.0",
      "loggingEnabled": false
    }
  },
  {
    "id": 74,
    "edcId": 74,
    "name": "PV_OpScale",
    "dotNetDataType": "",
    "hmiVisible": true,
    "signalStatus": false,
    "props": {
      "address": "",
      "defaultValue": "",
      "loggingEnabled": false
    }
  },
  {
    "id": 75,
    "edcId": 75,
    "name": "MV_OpScale",
    "dotNetDataType": "",
    "hmiVisible": true,
    "signalStatus": false,
    "props": {
      "address": "",
      "defaultValue": "",
      "loggingEnabled": false
    }
  },
  {
    "id": 76,
    "edcId": 76,
    "name": "PV_Unit",
    "dotNetDataType": "System.Int16",
    "hmiVisible": true,
    "signalStatus": false,
    "props": {
      "address": "",
      "defaultValue": " 1001",
      "loggingEnabled": false
    }
  },
  {
    "id": 77,
    "edcId": 77,
    "name": "MV_Unit",
    "dotNetDataType": "System.Int16",
    "hmiVisible": true,
    "signalStatus": false,
    "props": {
      "address": "",
      "defaultValue": " 1342",
      "loggingEnabled": false
    }
  },
  {
    "id": 78,
    "edcId": 78,
    "name": "MV_ChnST",
    "dotNetDataType": "System.Double",
    "hmiVisible": true,
    "signalStatus": true,
    "props": {
      "address": "",
      "defaultValue": "0.0",
      "loggingEnabled": false
    }
  },
  {
    "id": 79,
    "edcId": 79,
    "name": "TimeFactor",
    "dotNetDataType": "System.Int16",
    "hmiVisible": false,
    "signalStatus": false,
    "props": {
      "address": "",
      "defaultValue": " 0",
      "loggingEnabled": false
    }
  },
  {
    "id": 80,
    "edcId": 80,
    "name": "UserStatus",
    "dotNetDataType": "System.Byte",
    "hmiVisible": false,
    "signalStatus": false,
    "props": {
      "address": "",
      "defaultValue": "0",
      "loggingEnabled": false
    }
  },
  {
    "id": 81,
    "edcId": 81,
    "name": "BatchID",
    "dotNetDataType": "System.UInt32",
    "hmiVisible": false,
    "signalStatus": false,
    "props": {
      "address": "",
      "defaultValue": "0.0",
      "loggingEnabled": false
    }
  },
  {
    "id": 82,
    "edcId": 82,
    "name": "BatchName",
    "dotNetDataType": "System.String",
    "hmiVisible": false,
    "signalStatus": false,
    "props": {
      "address": "",
      "defaultValue": "",
      "loggingEnabled": false
    }
  },
  {
    "id": 83,
    "edcId": 83,
    "name": "StepNo",
    "dotNetDataType": "System.UInt32",
    "hmiVisible": false,
    "signalStatus": false,
    "props": {
      "address": "",
      "defaultValue": "0.0",
      "loggingEnabled": false
    }
  },
  {
    "id": 84,
    "edcId": 84,
    "name": "AcquireId",
    "dotNetDataType": "System.UInt32",
    "hmiVisible": false,
    "signalStatus": false,
    "props": {
      "address": "",
      "defaultValue": "0.0",
      "loggingEnabled": false
    }
  },
  {
    "id": 85,
    "edcId": 85,
    "name": "MV",
    "dotNetDataType": "System.Double",
    "hmiVisible": true,
    "signalStatus": true,
    "props": {
      "address": "",
      "defaultValue": "0.0",
      "loggingEnabled": false
    }
  },
  {
    "id": 86,
    "edcId": 86,
    "name": "MV_HiAct",
    "dotNetDataType": "System.Boolean",
    "hmiVisible": false,
    "signalStatus": true,
    "props": {
      "address": "",
      "defaultValue": "false",
      "loggingEnabled": false
    }
  },
  {
    "id": 87,
    "edcId": 87,
    "name": "MV_LoAct",
    "dotNetDataType": "System.Boolean",
    "hmiVisible": false,
    "signalStatus": true,
    "props": {
      "address": "",
      "defaultValue": "false",
      "loggingEnabled": false
    }
  },
  {
    "id": 88,
    "edcId": 88,
    "name": "RbkOut",
    "dotNetDataType": "System.Double",
    "hmiVisible": false,
    "signalStatus": true,
    "props": {
      "address": "",
      "defaultValue": "0.0",
      "loggingEnabled": false
    }
  },
  {
    "id": 89,
    "edcId": 89,
    "name": "OosAct",
    "dotNetDataType": "System.Boolean",
    "hmiVisible": true,
    "signalStatus": true,
    "props": {
      "address": "",
      "defaultValue": "false",
      "loggingEnabled": false
    }
  },
  {
    "id": 90,
    "edcId": 90,
    "name": "LoopClosed",
    "dotNetDataType": "System.Boolean",
    "hmiVisible": false,
    "signalStatus": true,
    "props": {
      "address": "",
      "defaultValue": "false",
      "loggingEnabled": false
    }
  },
  {
    "id": 91,
    "edcId": 91,
    "name": "AdvCoAct",
    "dotNetDataType": "System.Boolean",
    "hmiVisible": false,
    "signalStatus": true,
    "props": {
      "address": "",
      "defaultValue": "false",
      "loggingEnabled": false
    }
  },
  {
    "id": 92,
    "edcId": 92,
    "name": "SP",
    "dotNetDataType": "System.Double",
    "hmiVisible": true,
    "signalStatus": true,
    "props": {
      "address": "",
      "defaultValue": "0.0",
      "loggingEnabled": false
    }
  },
  {
    "id": 93,
    "edcId": 93,
    "name": "SP_ExtOut",
    "dotNetDataType": "System.Double",
    "hmiVisible": true,
    "signalStatus": true,
    "props": {
      "address": "",
      "defaultValue": "0.0",
      "loggingEnabled": false
    }
  },
  {
    "id": 94,
    "edcId": 94,
    "name": "SP_IntOut",
    "dotNetDataType": "System.Double",
    "hmiVisible": true,
    "signalStatus": false,
    "props": {
      "address": "",
      "defaultValue": "0.0",
      "loggingEnabled": false
    }
  },
  {
    "id": 95,
    "edcId": 95,
    "name": "SP_RateTarget",
    "dotNetDataType": "System.Double",
    "hmiVisible": false,
    "signalStatus": false,
    "props": {
      "address": "",
      "defaultValue": " 0.0",
      "loggingEnabled": false
    }
  },
  {
    "id": 96,
    "edcId": 96,
    "name": "SP_RemRT",
    "dotNetDataType": "System.Double",
    "hmiVisible": false,
    "signalStatus": false,
    "props": {
      "address": "",
      "defaultValue": " 0.0",
      "loggingEnabled": false
    }
  },
  {
    "id": 97,
    "edcId": 97,
    "name": "PV_Out",
    "dotNetDataType": "System.Double",
    "hmiVisible": true,
    "signalStatus": true,
    "props": {
      "address": "",
      "defaultValue": "0.0",
      "loggingEnabled": false
    }
  },
  {
    "id": 98,
    "edcId": 98,
    "name": "PV_ToleHi",
    "dotNetDataType": "System.Double",
    "hmiVisible": false,
    "signalStatus": true,
    "props": {
      "address": "",
      "defaultValue": "0.0",
      "loggingEnabled": false
    }
  },
  {
    "id": 99,
    "edcId": 99,
    "name": "PV_ToleLo",
    "dotNetDataType": "System.Double",
    "hmiVisible": false,
    "signalStatus": true,
    "props": {
      "address": "",
      "defaultValue": "0.0",
      "loggingEnabled": false
    }
  },
  {
    "id": 100,
    "edcId": 100,
    "name": "ER",
    "dotNetDataType": "System.Double",
    "hmiVisible": true,
    "signalStatus": true,
    "props": {
      "address": "",
      "defaultValue": "0.0",
      "loggingEnabled": false
    }
  },
  {
    "id": 101,
    "edcId": 101,
    "name": "Status1",
    "dotNetDataType": "System.UInt32",
    "hmiVisible": false,
    "signalStatus": false,
    "props": {
      "address": "",
      "defaultValue": "0",
      "loggingEnabled": false
    }
  },
  {
    "id": 102,
    "edcId": 102,
    "name": "Status2",
    "dotNetDataType": "System.UInt32",
    "hmiVisible": false,
    "signalStatus": false,
    "props": {
      "address": "",
      "defaultValue": "0",
      "loggingEnabled": false
    }
  },
  {
    "id": 103,
    "edcId": 103,
    "name": "Status3",
    "dotNetDataType": "System.UInt32",
    "hmiVisible": false,
    "signalStatus": false,
    "props": {
      "address": "",
      "defaultValue": "0",
      "loggingEnabled": false
    }
  },
  {
    "id": 104,
    "edcId": 104,
    "name": "OS_PermOut",
    "dotNetDataType": "System.UInt32",
    "hmiVisible": false,
    "signalStatus": false,
    "props": {
      "address": "",
      "defaultValue": "4294967295",
      "loggingEnabled": false
    }
  },
  {
    "id": 105,
    "edcId": 105,
    "name": "OS_PermLog",
    "dotNetDataType": "System.UInt32",
    "hmiVisible": false,
    "signalStatus": false,
    "props": {
      "address": "",
      "defaultValue": "4294967295",
      "loggingEnabled": false
    }
  },
  {
    "id": 106,
    "edcId": 106,
    "name": "OS1PermOut",
    "dotNetDataType": "System.UInt32",
    "hmiVisible": false,
    "signalStatus": false,
    "props": {
      "address": "",
      "defaultValue": "4294967295",
      "loggingEnabled": false
    }
  },
  {
    "id": 107,
    "edcId": 107,
    "name": "OS1PermLog",
    "dotNetDataType": "System.UInt32",
    "hmiVisible": false,
    "signalStatus": false,
    "props": {
      "address": "",
      "defaultValue": "4294967295",
      "loggingEnabled": false
    }
  },
  {
    "id": 108,
    "edcId": 108,
    "name": "OpSt_Out",
    "dotNetDataType": "System.UInt32",
    "hmiVisible": false,
    "signalStatus": false,
    "props": {
      "address": "",
      "defaultValue": "0",
      "loggingEnabled": false
    }
  },
  {
    "id": 109,
    "edcId": 109,
    "name": "ST_Worst",
    "dotNetDataType": "System.Byte",
    "hmiVisible": false,
    "signalStatus": false,
    "props": {
      "address": "",
      "defaultValue": "128",
      "loggingEnabled": false
    }
  }
]
}
