Id,EDCId,Name,dotNetDataType,hmiVisible,SignalStatus,Address,DefaultValue,LoggingEnabled
3,3,Gain,System.Double,True,True,, 1.0,False
4,4,TI,System.Double,True,True,, 100.0,False
5,5,TD,System.Double,True,True,,0.0,False
6,6,DiffGain,System.Double,False,True,, 5.0,False
7,7,DiffToFbk,System.Boolean,False,False,, false,False
8,8,PropFacSP,System.Double,False,False,, 1.0,False
9,9,DeadBand,System.Double,False,False,, 0.0,False
10,10,ConZone,System.Double,False,False,, 0.0,False
11,11,SP_ExtOp,System.Boolean,False,False,, false,False
12,12,SP_IntOp,System.Boolean,False,False,, false,False
13,13,SP_Int,System.Double,False,False,, 0.0,False
14,14,SP_InHiLim,System.Double,False,False,, 100.0,False
15,15,SP_InLoLim,System.Double,False,False,, 0.0,False
16,16,SP_ExHiLim,System.Double,True,True,, 100.0,False
17,17,SP_ExLoLim,System.Double,True,True,,0.0,False
18,18,SP_TrkPV,System.Boolean,False,False,, false,False
19,19,SP_TrkExt,System.Boolean,False,False,, true,False
20,20,SP_RateOn,System.Boolean,False,False,, false,False
21,21,SP_RmpOn,System.Boolean,False,False,, false,False
22,22,SP_RmpModTime,System.Boolean,False,False,, false,False
23,23,SP_UpRaLim,System.Double,False,False,, 100.0,False
24,24,SP_DnRaLim,System.Double,False,False,, 100.0,False
25,25,SP_RmpTime,System.Double,False,False,, 0.0,False
26,26,SP_RmpTarget,System.Double,False,False,, 0.0,False
27,27,PV,System.Double,True,True,,0.0,False
28,28,PV_AH_Lim,System.Double,False,False,, 95.0,False
29,29,PV_WH_Lim,System.Double,False,False,, 90.0,False
30,30,PV_TH_Lim,System.Double,False,False,, 85.0,False
31,31,PV_TL_Lim,System.Double,False,False,, 15.0,False
32,32,PV_WL_Lim,System.Double,False,False,, 10.0,False
33,33,PV_AL_Lim,System.Double,False,False,, 5.0,False
34,34,PV_Hyst,System.Double,False,False,, 1.0,False
35,35,PV_AH_MsgEn,System.Boolean,False,False,, true,False
36,36,PV_WH_MsgEn,System.Boolean,False,False,, true,False
37,37,PV_TH_MsgEn,System.Boolean,False,False,, true,False
38,38,PV_TL_MsgEn,System.Boolean,False,False,, true,False
39,39,PV_WL_MsgEn,System.Boolean,False,False,, true,False
40,40,PV_AL_MsgEn,System.Boolean,False,False,, true,False
41,41,ER_AH_Lim,System.Double,False,False,, 100.0,False
42,42,ER_AL_Lim,System.Double,False,False,, -100.0,False
43,43,ER_Hyst,System.Double,False,False,, 1.0,False
44,44,ER_AH_DFac,System.Double,False,False,, 0.0,False
45,45,ER_AL_DFac,System.Double,False,False,, 0.0,False
46,46,ER_AH_MsgEn,System.Boolean,False,False,, true,False
47,47,ER_AL_MsgEn,System.Boolean,False,False,, true,False
48,48,FFwd,System.Double,False,True,,0.0,False
49,49,MV_Trk,System.Double,True,True,,0.0,False
50,50,AutModOp,System.Boolean,False,False,, false,False
51,51,ManModOp,System.Boolean,False,False,, true,False
52,52,AdvCoOn,System.Boolean,False,False,, false,False
53,53,AdvCoMV,,False,False,,,False
54,54,OosOp,System.Boolean,False,False,, false,False
55,55,MS_RelOp,System.Boolean,False,False,, false,False
56,56,OptimEn,System.Boolean,False,False,, false,False
57,57,CPI_In,System.Double,False,True,, 0.0,False
58,58,Man,System.Double,False,False,, 0.0,False
59,59,ManHiLim,System.Double,False,False,, 100.0,False
60,60,ManLoLim,System.Double,False,False,, 0.0,False
61,61,BypProt,System.Boolean,False,False,, FALSE,False
62,62,Intlock,System.Boolean,True,True,, true,False
63,63,RbkWH_Lim,System.Double,False,False,, 100.0,False
64,64,RbkWL_Lim,System.Double,False,False,, 0.0,False
65,65,RbkHyst,System.Double,False,False,, 1.0,False
66,66,RbkWH_MsgEn,System.Boolean,False,False,, true,False
67,67,RbkWL_MsgEn,System.Boolean,False,False,, true,False
68,68,BypPVOp,System.Boolean,False,False,, false,False
69,69,RstBypOp,System.Boolean,False,False,, false,False
70,70,BypPV,System.Double,False,True,,0.0,False
71,71,SimOn,System.Boolean,False,False,, FALSE,False
72,72,SimPV,System.Double,False,False,, 0.0,False
73,73,SimRbk,System.Double,False,False,, 0.0,False
74,74,PV_OpScale,,True,False,,,False
75,75,MV_OpScale,,True,False,,,False
76,76,PV_Unit,System.Int16,True,False,, 1001,False
77,77,MV_Unit,System.Int16,True,False,, 1342,False
78,78,MV_ChnST,System.Double,True,True,,0.0,False
79,79,TimeFactor,System.Int16,False,False,, 0,False
80,80,UserStatus,System.Byte,False,False,,0,False
81,81,BatchID,System.UInt32,False,False,,0.0,False
82,82,BatchName,System.String,False,False,,,False
83,83,StepNo,System.UInt32,False,False,,0.0,False
84,84,AcquireId,System.UInt32,False,False,,0.0,False
85,85,MV,System.Double,True,True,,0.0,False
86,86,MV_HiAct,System.Boolean,False,True,,false,False
87,87,MV_LoAct,System.Boolean,False,True,,false,False
88,88,RbkOut,System.Double,False,True,,0.0,False
89,89,OosAct,System.Boolean,True,True,,false,False
90,90,LoopClosed,System.Boolean,False,True,,false,False
91,91,AdvCoAct,System.Boolean,False,True,,false,False
92,92,SP,System.Double,True,True,,0.0,False
93,93,SP_ExtOut,System.Double,True,True,,0.0,False
94,94,SP_IntOut,System.Double,True,False,,0.0,False
95,95,SP_RateTarget,System.Double,False,False,, 0.0,False
96,96,SP_RemRT,System.Double,False,False,, 0.0,False
97,97,PV_Out,System.Double,True,True,,0.0,False
98,98,PV_ToleHi,System.Double,False,True,,0.0,False
99,99,PV_ToleLo,System.Double,False,True,,0.0,False
100,100,ER,System.Double,True,True,,0.0,False
101,101,Status1,System.UInt32,False,False,,0,False
102,102,Status2,System.UInt32,False,False,,0,False
103,103,Status3,System.UInt32,False,False,,0,False
104,104,OS_PermOut,System.UInt32,False,False,,4294967295,False
105,105,OS_PermLog,System.UInt32,False,False,,4294967295,False
106,106,OS1PermOut,System.UInt32,False,False,,4294967295,False
107,107,OS1PermLog,System.UInt32,False,False,,4294967295,False
108,108,OpSt_Out,System.UInt32,False,False,,0,False
109,109,ST_Worst,System.Byte,False,False,,128,False
110,110,MV,System.Double,True,True,,0.0,False
111,111,MV_HiAct,System.Boolean,False,True,,false,False
112,112,MV_LoAct,System.Boolean,False,True,,false,False
113,113,RbkOut,System.Double,False,True,,0.0,False
114,114,OosAct,System.Boolean,True,True,,false,False
115,115,LoopClosed,System.Boolean,False,True,,false,False
116,116,AdvCoAct,System.Boolean,False,True,,false,False
117,117,SP,System.Double,True,True,,0.0,False
118,118,SP_ExtOut,System.Double,True,True,,0.0,False
119,119,SP_IntOut,System.Double,True,False,,0.0,False
120,120,SP_RateTarget,System.Double,False,False,, 0.0,False
121,121,SP_RemRT,System.Double,False,False,, 0.0,False
122,122,PV_Out,System.Double,True,True,,0.0,False
123,123,PV_ToleHi,System.Double,False,True,,0.0,False
124,124,PV_ToleLo,System.Double,False,True,,0.0,False
125,125,ER,System.Double,True,True,,0.0,False
126,126,Status1,System.UInt32,False,False,,0,False
127,127,Status2,System.UInt32,False,False,,0,False
128,128,Status3,System.UInt32,False,False,,0,False
129,129,OS_PermOut,System.UInt32,False,False,,4294967295,False
130,130,OS_PermLog,System.UInt32,False,False,,4294967295,False
131,131,OS1PermOut,System.UInt32,False,False,,4294967295,False
132,132,OS1PermLog,System.UInt32,False,False,,4294967295,False
133,133,OpSt_Out,System.UInt32,False,False,,0,False
134,134,ST_Worst,System.Byte,False,False,,128,False
